{"cameraMode":{"drawMode":0,"name":"Shaded","section":"Shading Mode"},"sceneLighting":false,"audioPlay":false,"sceneViewState":{"m_AlwaysRefresh":false,"showFog":false,"showSkybox":false,"showFlares":false,"showImageEffects":false,"showParticleSystems":false,"showVisualEffectGraphs":true,"m_FxEnabled":true},"in2DMode":false,"pivot":{"x":-0.6091716289520264,"y":0.18106092512607575,"z":-0.36275380849838259},"rotation":{"x":-0.13357433676719666,"y":-0.47993773221969607,"z":0.0737929493188858,"w":-0.8639808893203735},"size":0.3518092632293701,"orthographic":false}